{"threshold": 0.24666666666666667, "confusion_matrix": [[183, 0], [1, 15]], "accuracy": 0.9949748743718593, "precision": 1.0, "recall": 0.9375, "f1_score": 0.967741935483871, "roc_auc": 0.96875, "fpr": [0.0, 0.0, 1.0], "tpr": [0.0, 0.9375, 1.0], "roc_thresholds": [Infinity, 1.0, 0.0]}