{"threshold": 0.2966666666666667, "confusion_matrix": [[183, 0], [3, 13]], "accuracy": 0.9849246231155779, "precision": 1.0, "recall": 0.8125, "f1_score": 0.896551724137931, "roc_auc": 0.9904371584699454, "fpr": [0.0, 0.0, 0.0, 0.0, 0.0, 0.00546448087431694, 0.00546448087431694, 0.01092896174863388, 0.02185792349726776, 0.04918032786885246, 0.060109289617486336, 0.07650273224043716, 0.09289617486338798, 0.11475409836065574, 0.12568306010928962, 0.14754098360655737, 0.14754098360655737, 0.16393442622950818, 0.17486338797814208, 0.20765027322404372, 0.21311475409836064, 0.2568306010928962, 0.2896174863387978, 0.32786885245901637, 0.3825136612021858, 0.4098360655737705, 0.4207650273224044, 0.4426229508196721, 0.46994535519125685, 0.5081967213114754, 0.5355191256830601, 0.6120218579234973, 0.6939890710382514, 0.819672131147541, 1.0], "tpr": [0.0, 0.125, 0.25, 0.5, 0.875, 0.875, 0.9375, 0.9375, 0.9375, 0.9375, 0.9375, 0.9375, 0.9375, 0.9375, 0.9375, 0.9375, 1.0, 1.0, 1.0, 1.0, 1.0, 1.0, 1.0, 1.0, 1.0, 1.0, 1.0, 1.0, 1.0, 1.0, 1.0, 1.0, 1.0, 1.0, 1.0], "roc_thresholds": [Infinity, 0.7933333333333333, 0.72, 0.6533333333333333, 0.29, 0.25, 0.23333333333333334, 0.22, 0.20666666666666667, 0.14666666666666667, 0.14333333333333334, 0.12, 0.10666666666666667, 0.10333333333333333, 0.1, 0.07666666666666666, 0.07, 0.06666666666666667, 0.06333333333333334, 0.056666666666666664, 0.05333333333333334, 0.04666666666666667, 0.04, 0.03666666666666667, 0.03333333333333333, 0.03, 0.02666666666666667, 0.023333333333333334, 0.02, 0.016666666666666666, 0.013333333333333334, 0.01, 0.006666666666666667, 0.0033333333333333335, 0.0]}