{
    "threshold": 0.5,
    "confusion_matrix": [
        [
            183,
            0
        ],
        [
            5,
            11
        ]
    ],
    "accuracy": 0.9748743718592965,
    "precision": 1.0,
    "recall": 0.6875,
    "f1_score": 0.8148148148148148,
    "roc_auc": 0.9996584699453552,
    "fpr": [
        0.0,
        0.0,
        1.0
    ],
    "tpr": [
        0.0,
        0.6875,
        1.0
    ],
    "roc_thresholds": [
        Infinity,
        1.0,
        0.0
    ]
}