Feature,Coefficient,Abs_Coefficient
bnpl_usage_frequency,2.318098547249576,2.318098547249576
payment_delinquency_count,2.0445389963538374,2.0445389963538374
financial_stress_score,1.1026640359760997,1.1026640359760997
bnpl_debt_ratio,0.8705596833142484,0.8705596833142484
credit_limit_utilisation,0.6727719636745263,0.6727719636745263
stress_usage_interaction,0.5863733232109776,0.5863733232109776
