{"threshold": 0.9319298453530239, "confusion_matrix": [[179, 4], [6, 10]], "accuracy": 0.949748743718593, "precision": 0.7142857142857143, "recall": 0.625, "f1_score": 0.6666666666666666, "roc_auc": 0.9566256830601093}