{"threshold": 0.9319298453530239, "confusion_matrix": [[179, 4], [9, 7]], "accuracy": 0.9346733668341709, "precision": 0.6363636363636364, "recall": 0.4375, "f1_score": 0.5185185185185185, "roc_auc": 0.39856557377049173, "fpr": [0.0, 0.02185792349726776, 1.0], "tpr": [0.0, 0.4375, 1.0], "roc_thresholds": [Infinity, 1.0, 0.0]}