{"threshold": 0.37, "confusion_matrix": [[183, 0], [3, 13]], "accuracy": 0.9849246231155779, "precision": 1.0, "recall": 0.8125, "f1_score": 0.896551724137931, "roc_auc": 0.98650956284153, "fpr": [0.0, 0.0, 0.0, 0.0, 0.0, 0.00546448087431694, 0.00546448087431694, 0.01639344262295082, 0.0273224043715847, 0.03825136612021858, 0.08196721311475409, 0.08743169398907104, 0.09836065573770492, 0.12021857923497267, 0.14754098360655737, 0.19672131147540983, 0.21311475409836064, 0.26229508196721313, 0.30601092896174864, 0.37158469945355194, 0.48633879781420764, 0.6229508196721312, 1.0], "tpr": [0.0, 0.0625, 0.3125, 0.4375, 0.8125, 0.8125, 0.9375, 0.9375, 0.9375, 0.9375, 0.9375, 0.9375, 0.9375, 0.9375, 0.9375, 0.9375, 1.0, 1.0, 1.0, 1.0, 1.0, 1.0, 1.0], "roc_thresholds": [Infinity, 0.82, 0.71, 0.69, 0.37, 0.32, 0.28, 0.23, 0.2, 0.16, 0.14, 0.13, 0.1, 0.09, 0.08, 0.07, 0.06, 0.05, 0.04, 0.03, 0.02, 0.01, 0.0]}