{"threshold": 0.37, "confusion_matrix": [[183, 0], [0, 16]], "accuracy": 1.0, "precision": 1.0, "recall": 1.0, "f1_score": 1.0, "roc_auc": 1.0, "fpr": [0.0, 0.0, 0.0, 0.0, 0.0, 0.02185792349726776, 0.03278688524590164, 0.04918032786885246, 0.060109289617486336, 0.07103825136612021, 0.09289617486338798, 0.12021857923497267, 0.13114754098360656, 0.18032786885245902, 0.21311475409836064, 0.3442622950819672, 0.43169398907103823, 0.5901639344262295, 1.0], "tpr": [0.0, 0.0625, 0.1875, 0.3125, 1.0, 1.0, 1.0, 1.0, 1.0, 1.0, 1.0, 1.0, 1.0, 1.0, 1.0, 1.0, 1.0, 1.0, 1.0], "roc_thresholds": [Infinity, 0.89, 0.83, 0.79, 0.37, 0.27, 0.22, 0.15, 0.14, 0.11, 0.09, 0.08, 0.07, 0.06, 0.05, 0.03, 0.02, 0.01, 0.0]}