{"threshold": 0.11, "confusion_matrix": [[181, 2], [1, 15]], "accuracy": 0.9849246231155779, "precision": 0.8823529411764706, "recall": 0.9375, "f1_score": 0.9090909090909091, "roc_auc": 0.963285519125683, "fpr": [0.0, 0.00546448087431694, 0.12568306010928962, 0.12568306010928962, 0.19672131147540983, 0.19672131147540983, 0.2677595628415301, 0.2677595628415301, 0.3005464480874317, 0.3005464480874317, 0.3770491803278688, 0.3770491803278688, 0.4098360655737705, 0.4098360655737705, 0.43169398907103823, 0.43169398907103823, 0.4371584699453552, 0.4371584699453552, 0.5027322404371585, 0.5027322404371585, 0.546448087431694, 0.546448087431694, 0.6174863387978142, 0.6174863387978142, 0.73224043715847, 0.73224043715847, 0.8469945355191257, 0.8469945355191257, 0.907103825136612, 0.907103825136612, 1.0], "tpr": [0.0, 0.0, 0.0, 0.0625, 0.0625, 0.125, 0.125, 0.1875, 0.1875, 0.375, 0.375, 0.4375, 0.4375, 0.5, 0.5, 0.5625, 0.5625, 0.625, 0.625, 0.6875, 0.6875, 0.75, 0.75, 0.8125, 0.8125, 0.875, 0.875, 0.9375, 0.9375, 1.0, 1.0], "roc_thresholds": [Infinity, 0.9965561628341675, 0.03846179321408272, 0.034165143966674805, 0.010739235207438469, 0.00995170883834362, 0.005284914746880531, 0.005014593712985516, 0.0043486496433615685, 0.0037864339537918568, 0.0015029881615191698, 0.0014711084077134728, 0.0007823078194633126, 0.0007376851281151175, 0.0006576990708708763, 0.0006305819842964411, 0.0005790711147710681, 0.0005762134678661823, 0.0003752924094442278, 0.00031219617812894285, 0.00022805285698268563, 0.0002258730964967981, 0.00016986107220873237, 0.00016235945804510266, 9.792631317395717e-05, 9.790260082809255e-05, 5.8916397392749786e-05, 5.749994670622982e-05, 4.14896167058032e-05, 4.090339280082844e-05, 1.7637812561588362e-05]}