{"threshold": 0.29000000000000004, "confusion_matrix": [[182, 1], [3, 13]], "accuracy": 0.9798994974874372, "precision": 0.9285714285714286, "recall": 0.8125, "f1_score": 0.8666666666666667, "roc_auc": 0.9035177595628415, "fpr": [0.0, 0.00546448087431694, 1.0], "tpr": [0.0, 0.8125, 1.0], "roc_thresholds": [Infinity, 1.0, 0.0]}