{"threshold": 0.09999999999999999, "confusion_matrix": [[182, 1], [0, 16]], "accuracy": 0.9949748743718593, "precision": 0.9411764705882353, "recall": 1.0, "f1_score": 0.9696969696969697, "roc_auc": 0.9972677595628415, "fpr": [0.0, 0.00546448087431694, 0.14207650273224043, 0.14207650273224043, 0.19672131147540983, 0.19672131147540983, 0.2459016393442623, 0.2459016393442623, 0.2786885245901639, 0.2786885245901639, 0.3114754098360656, 0.3114754098360656, 0.31693989071038253, 0.31693989071038253, 0.37158469945355194, 0.37158469945355194, 0.4262295081967213, 0.4262295081967213, 0.4371584699453552, 0.4371584699453552, 0.44808743169398907, 0.44808743169398907, 0.5245901639344263, 0.5245901639344263, 0.546448087431694, 0.546448087431694, 0.6229508196721312, 0.6229508196721312, 0.7868852459016393, 0.7868852459016393, 0.8743169398907104, 0.8743169398907104, 0.8797814207650273, 0.8797814207650273, 1.0], "tpr": [0.0, 0.0, 0.0, 0.0625, 0.0625, 0.125, 0.125, 0.1875, 0.1875, 0.25, 0.25, 0.3125, 0.3125, 0.375, 0.375, 0.4375, 0.4375, 0.5, 0.5, 0.5625, 0.5625, 0.625, 0.625, 0.6875, 0.6875, 0.75, 0.75, 0.8125, 0.8125, 0.875, 0.875, 0.9375, 0.9375, 1.0, 1.0], "roc_thresholds": [Infinity, 0.9956724643707275, 0.024134458974003792, 0.022830022498965263, 0.011023059487342834, 0.009433508850634098, 0.005890387110412121, 0.005750216543674469, 0.00450261402875185, 0.004188842140138149, 0.0037128012627363205, 0.0033547459170222282, 0.0033533049281686544, 0.003095244523137808, 0.0015049200737848878, 0.0012969588860869408, 0.0007402847404591739, 0.0007030244451016188, 0.0005941763520240784, 0.0005777290207333863, 0.0005416382336989045, 0.0005313997389748693, 0.0002567891788203269, 0.00022931488638278097, 0.0002166813937947154, 0.00020756301819346845, 0.00014373110025189817, 0.0001429956464562565, 7.069863931974396e-05, 7.030178676359355e-05, 4.583776171784848e-05, 4.5022781705483794e-05, 4.49033614131622e-05, 4.368201916804537e-05, 1.592729131516535e-05]}