{"threshold": 0.11, "confusion_matrix": [[181, 2], [1, 15]], "accuracy": 0.9849246231155779, "precision": 0.8823529411764706, "recall": 0.9375, "f1_score": 0.9090909090909091, "roc_auc": 0.963285519125683, "fpr": [0.0, 0.0, 0.0, 0.01092896174863388, 0.01092896174863388, 1.0], "tpr": [0.0, 0.0625, 0.9375, 0.9375, 1.0, 1.0], "roc_thresholds": [Infinity, 0.9965561628341675, 0.16856464743614197, 0.12583710253238678, 0.10075966268777847, 1.7637812561588362e-05]}